topo,ntrees,select_policy,exp_type,npublishers,nsubscribers,treatment,const_alg,fprob,choicerandseed,cost,failrandseed,oracle,randseed,reach
campus_topo_200b-20h-20ibl.json,4,importance-chosen,networkx,200,50,old_results_networkx/results3/nhosts/results_4t_0.10f_50s_200p_diverse-paths_200b-20h-20ibl,diverse-paths,0.1,-2.16345975938e+18,104.619,-8.02646750103e+18,0.72,7.15468634399e+18,0.5884
campus_topo_200b-20h-20ibl.json,4,importance-chosen,networkx,200,50,old_results_networkx/results3/nhosts/results_4t_0.10f_50s_200p_red-blue_200b-20h-20ibl,red-blue,0.1,-5.7328237967e+18,105.5615,2.64807623243e+18,0.741,-7.1143455808e+18,0.638
campus_topo_200b-20h-20ibl.json,4,importance-chosen,networkx,200,50,old_results_networkx/results3/nhosts/results_4t_0.10f_50s_200p_steiner_200b-20h-20ibl,steiner,0.1,-5.7328237967e+18,104.4995,2.64807623243e+18,0.741,-7.1143455808e+18,0.623
campus_topo_200b-20h-20ibl.json,4,importance-chosen,networkx,200,100,old_results_networkx/results3/nhosts/results_4t_0.10f_100s_200p_diverse-paths_200b-20h-20ibl,diverse-paths,0.1,-2.16345975938e+18,192.204,-8.02646750103e+18,0.7246,7.15468634399e+18,0.5964
campus_topo_200b-20h-20ibl.json,4,importance-chosen,networkx,200,100,old_results_networkx/results3/nhosts/results_4t_0.10f_100s_200p_red-blue_200b-20h-20ibl,red-blue,0.1,-5.7328237967e+18,192.7715,2.64807623243e+18,0.7309,-7.1143455808e+18,0.63
campus_topo_200b-20h-20ibl.json,4,importance-chosen,networkx,200,100,old_results_networkx/results3/nhosts/results_4t_0.10f_100s_200p_steiner_200b-20h-20ibl,steiner,0.1,-5.7328237967e+18,190.6785,2.64807623243e+18,0.7309,-7.1143455808e+18,0.6146
campus_topo_200b-20h-20ibl.json,4,importance-chosen,networkx,200,200,old_results_networkx/results3/nhosts/results_4t_0.10f_200s_200p_diverse-paths_200b-20h-20ibl,diverse-paths,0.1,-2.16345975938e+18,341.681,-8.02646750103e+18,0.7208,7.15468634399e+18,0.6109
campus_topo_200b-20h-20ibl.json,4,importance-chosen,networkx,200,200,old_results_networkx/results3/nhosts/results_4t_0.10f_200s_200p_red-blue_200b-20h-20ibl,red-blue,0.1,-5.7328237967e+18,343.4965,2.64807623243e+18,0.72985,-7.1143455808e+18,0.63135
campus_topo_200b-20h-20ibl.json,4,importance-chosen,networkx,200,200,old_results_networkx/results3/nhosts/results_4t_0.10f_200s_200p_steiner_200b-20h-20ibl,steiner,0.1,-5.7328237967e+18,340.416,2.64807623243e+18,0.72985,-7.1143455808e+18,0.62065
campus_topo_200b-20h-20ibl.json,4,importance-chosen,networkx,200,400,old_results_networkx/results3/nhosts/results_4t_0.10f_400s_200p_diverse-paths_200b-20h-20ibl,diverse-paths,0.1,-2.16345975938e+18,589.362,-8.02646750103e+18,0.72605,7.15468634399e+18,0.60345
campus_topo_200b-20h-20ibl.json,4,importance-chosen,networkx,200,400,old_results_networkx/results3/nhosts/results_4t_0.10f_400s_200p_red-blue_200b-20h-20ibl,red-blue,0.1,-5.7328237967e+18,590.437,2.64807623243e+18,0.735425,-7.1143455808e+18,0.631775
campus_topo_200b-20h-20ibl.json,4,importance-chosen,networkx,200,400,old_results_networkx/results3/nhosts/results_4t_0.10f_400s_200p_steiner_200b-20h-20ibl,steiner,0.1,-5.7328237967e+18,586.56,2.64807623243e+18,0.735425,-7.1143455808e+18,0.638675
campus_topo_200b-20h-20ibl.json,4,importance-chosen,networkx,200,800,old_results_networkx/results3/nhosts/results_4t_0.10f_800s_200p_diverse-paths_200b-20h-20ibl,diverse-paths,0.1,-2.16345975938e+18,1010.637,-8.02646750103e+18,0.7279,7.15468634399e+18,0.5866
campus_topo_200b-20h-20ibl.json,4,importance-chosen,networkx,200,800,old_results_networkx/results3/nhosts/results_4t_0.10f_800s_200p_red-blue_200b-20h-20ibl,red-blue,0.1,-5.7328237967e+18,1011.297,2.64807623243e+18,0.7327375,-7.1143455808e+18,0.630825
campus_topo_200b-20h-20ibl.json,4,importance-chosen,networkx,200,800,old_results_networkx/results3/nhosts/results_4t_0.10f_800s_200p_steiner_200b-20h-20ibl,steiner,0.1,-5.7328237967e+18,1007.556,2.64807623243e+18,0.7327375,-7.1143455808e+18,0.63035
campus_topo_200b-20h-20ibl.json,4,max,networkx,200,50,old_results_networkx/results3/nhosts/results_4t_0.10f_50s_200p_diverse-paths_200b-20h-20ibl,diverse-paths,0.1,-2.16345975938e+18,104.619,-8.02646750103e+18,0.72,7.15468634399e+18,0.6232
campus_topo_200b-20h-20ibl.json,4,max,networkx,200,50,old_results_networkx/results3/nhosts/results_4t_0.10f_50s_200p_red-blue_200b-20h-20ibl,red-blue,0.1,-5.7328237967e+18,105.5615,2.64807623243e+18,0.741,-7.1143455808e+18,0.6684
campus_topo_200b-20h-20ibl.json,4,max,networkx,200,50,old_results_networkx/results3/nhosts/results_4t_0.10f_50s_200p_steiner_200b-20h-20ibl,steiner,0.1,-5.7328237967e+18,104.4995,2.64807623243e+18,0.741,-7.1143455808e+18,0.6544
campus_topo_200b-20h-20ibl.json,4,max,networkx,200,100,old_results_networkx/results3/nhosts/results_4t_0.10f_100s_200p_diverse-paths_200b-20h-20ibl,diverse-paths,0.1,-2.16345975938e+18,192.204,-8.02646750103e+18,0.7246,7.15468634399e+18,0.6246
campus_topo_200b-20h-20ibl.json,4,max,networkx,200,100,old_results_networkx/results3/nhosts/results_4t_0.10f_100s_200p_red-blue_200b-20h-20ibl,red-blue,0.1,-5.7328237967e+18,192.7715,2.64807623243e+18,0.7309,-7.1143455808e+18,0.6551
campus_topo_200b-20h-20ibl.json,4,max,networkx,200,100,old_results_networkx/results3/nhosts/results_4t_0.10f_100s_200p_steiner_200b-20h-20ibl,steiner,0.1,-5.7328237967e+18,190.6785,2.64807623243e+18,0.7309,-7.1143455808e+18,0.6383
campus_topo_200b-20h-20ibl.json,4,max,networkx,200,200,old_results_networkx/results3/nhosts/results_4t_0.10f_200s_200p_diverse-paths_200b-20h-20ibl,diverse-paths,0.1,-2.16345975938e+18,341.681,-8.02646750103e+18,0.7208,7.15468634399e+18,0.6296
campus_topo_200b-20h-20ibl.json,4,max,networkx,200,200,old_results_networkx/results3/nhosts/results_4t_0.10f_200s_200p_red-blue_200b-20h-20ibl,red-blue,0.1,-5.7328237967e+18,343.4965,2.64807623243e+18,0.72985,-7.1143455808e+18,0.64955
campus_topo_200b-20h-20ibl.json,4,max,networkx,200,200,old_results_networkx/results3/nhosts/results_4t_0.10f_200s_200p_steiner_200b-20h-20ibl,steiner,0.1,-5.7328237967e+18,340.416,2.64807623243e+18,0.72985,-7.1143455808e+18,0.6393
campus_topo_200b-20h-20ibl.json,4,max,networkx,200,400,old_results_networkx/results3/nhosts/results_4t_0.10f_400s_200p_diverse-paths_200b-20h-20ibl,diverse-paths,0.1,-2.16345975938e+18,589.362,-8.02646750103e+18,0.72605,7.15468634399e+18,0.61695
campus_topo_200b-20h-20ibl.json,4,max,networkx,200,400,old_results_networkx/results3/nhosts/results_4t_0.10f_400s_200p_red-blue_200b-20h-20ibl,red-blue,0.1,-5.7328237967e+18,590.437,2.64807623243e+18,0.735425,-7.1143455808e+18,0.6535
campus_topo_200b-20h-20ibl.json,4,max,networkx,200,400,old_results_networkx/results3/nhosts/results_4t_0.10f_400s_200p_steiner_200b-20h-20ibl,steiner,0.1,-5.7328237967e+18,586.56,2.64807623243e+18,0.735425,-7.1143455808e+18,0.650225
campus_topo_200b-20h-20ibl.json,4,max,networkx,200,800,old_results_networkx/results3/nhosts/results_4t_0.10f_800s_200p_diverse-paths_200b-20h-20ibl,diverse-paths,0.1,-2.16345975938e+18,1010.637,-8.02646750103e+18,0.7279,7.15468634399e+18,0.6092
campus_topo_200b-20h-20ibl.json,4,max,networkx,200,800,old_results_networkx/results3/nhosts/results_4t_0.10f_800s_200p_red-blue_200b-20h-20ibl,red-blue,0.1,-5.7328237967e+18,1011.297,2.64807623243e+18,0.7327375,-7.1143455808e+18,0.6494
campus_topo_200b-20h-20ibl.json,4,max,networkx,200,800,old_results_networkx/results3/nhosts/results_4t_0.10f_800s_200p_steiner_200b-20h-20ibl,steiner,0.1,-5.7328237967e+18,1007.556,2.64807623243e+18,0.7327375,-7.1143455808e+18,0.64765
campus_topo_200b-20h-20ibl.json,4,max-overlap-chosen,networkx,200,50,old_results_networkx/results3/nhosts/results_4t_0.10f_50s_200p_diverse-paths_200b-20h-20ibl,diverse-paths,0.1,-2.16345975938e+18,104.619,-8.02646750103e+18,0.72,7.15468634399e+18,0.588
campus_topo_200b-20h-20ibl.json,4,max-overlap-chosen,networkx,200,50,old_results_networkx/results3/nhosts/results_4t_0.10f_50s_200p_red-blue_200b-20h-20ibl,red-blue,0.1,-5.7328237967e+18,105.5615,2.64807623243e+18,0.741,-7.1143455808e+18,0.6258
campus_topo_200b-20h-20ibl.json,4,max-overlap-chosen,networkx,200,50,old_results_networkx/results3/nhosts/results_4t_0.10f_50s_200p_steiner_200b-20h-20ibl,steiner,0.1,-5.7328237967e+18,104.4995,2.64807623243e+18,0.741,-7.1143455808e+18,0.602
campus_topo_200b-20h-20ibl.json,4,max-overlap-chosen,networkx,200,100,old_results_networkx/results3/nhosts/results_4t_0.10f_100s_200p_diverse-paths_200b-20h-20ibl,diverse-paths,0.1,-2.16345975938e+18,192.204,-8.02646750103e+18,0.7246,7.15468634399e+18,0.592
campus_topo_200b-20h-20ibl.json,4,max-overlap-chosen,networkx,200,100,old_results_networkx/results3/nhosts/results_4t_0.10f_100s_200p_red-blue_200b-20h-20ibl,red-blue,0.1,-5.7328237967e+18,192.7715,2.64807623243e+18,0.7309,-7.1143455808e+18,0.6216
campus_topo_200b-20h-20ibl.json,4,max-overlap-chosen,networkx,200,100,old_results_networkx/results3/nhosts/results_4t_0.10f_100s_200p_steiner_200b-20h-20ibl,steiner,0.1,-5.7328237967e+18,190.6785,2.64807623243e+18,0.7309,-7.1143455808e+18,0.5955
campus_topo_200b-20h-20ibl.json,4,max-overlap-chosen,networkx,200,200,old_results_networkx/results3/nhosts/results_4t_0.10f_200s_200p_diverse-paths_200b-20h-20ibl,diverse-paths,0.1,-2.16345975938e+18,341.681,-8.02646750103e+18,0.7208,7.15468634399e+18,0.5788
campus_topo_200b-20h-20ibl.json,4,max-overlap-chosen,networkx,200,200,old_results_networkx/results3/nhosts/results_4t_0.10f_200s_200p_red-blue_200b-20h-20ibl,red-blue,0.1,-5.7328237967e+18,343.4965,2.64807623243e+18,0.72985,-7.1143455808e+18,0.6096
campus_topo_200b-20h-20ibl.json,4,max-overlap-chosen,networkx,200,200,old_results_networkx/results3/nhosts/results_4t_0.10f_200s_200p_steiner_200b-20h-20ibl,steiner,0.1,-5.7328237967e+18,340.416,2.64807623243e+18,0.72985,-7.1143455808e+18,0.58965
campus_topo_200b-20h-20ibl.json,4,max-overlap-chosen,networkx,200,400,old_results_networkx/results3/nhosts/results_4t_0.10f_400s_200p_diverse-paths_200b-20h-20ibl,diverse-paths,0.1,-2.16345975938e+18,589.362,-8.02646750103e+18,0.72605,7.15468634399e+18,0.56805
campus_topo_200b-20h-20ibl.json,4,max-overlap-chosen,networkx,200,400,old_results_networkx/results3/nhosts/results_4t_0.10f_400s_200p_red-blue_200b-20h-20ibl,red-blue,0.1,-5.7328237967e+18,590.437,2.64807623243e+18,0.735425,-7.1143455808e+18,0.608725
campus_topo_200b-20h-20ibl.json,4,max-overlap-chosen,networkx,200,400,old_results_networkx/results3/nhosts/results_4t_0.10f_400s_200p_steiner_200b-20h-20ibl,steiner,0.1,-5.7328237967e+18,586.56,2.64807623243e+18,0.735425,-7.1143455808e+18,0.583125
campus_topo_200b-20h-20ibl.json,4,max-overlap-chosen,networkx,200,800,old_results_networkx/results3/nhosts/results_4t_0.10f_800s_200p_diverse-paths_200b-20h-20ibl,diverse-paths,0.1,-2.16345975938e+18,1010.637,-8.02646750103e+18,0.7279,7.15468634399e+18,0.559375
campus_topo_200b-20h-20ibl.json,4,max-overlap-chosen,networkx,200,800,old_results_networkx/results3/nhosts/results_4t_0.10f_800s_200p_red-blue_200b-20h-20ibl,red-blue,0.1,-5.7328237967e+18,1011.297,2.64807623243e+18,0.7327375,-7.1143455808e+18,0.601775
campus_topo_200b-20h-20ibl.json,4,max-overlap-chosen,networkx,200,800,old_results_networkx/results3/nhosts/results_4t_0.10f_800s_200p_steiner_200b-20h-20ibl,steiner,0.1,-5.7328237967e+18,1007.556,2.64807623243e+18,0.7327375,-7.1143455808e+18,0.5895625
campus_topo_200b-20h-20ibl.json,4,max-reachable-chosen,networkx,200,50,old_results_networkx/results3/nhosts/results_4t_0.10f_50s_200p_diverse-paths_200b-20h-20ibl,diverse-paths,0.1,-2.16345975938e+18,104.619,-8.02646750103e+18,0.72,7.15468634399e+18,0.5388
campus_topo_200b-20h-20ibl.json,4,max-reachable-chosen,networkx,200,50,old_results_networkx/results3/nhosts/results_4t_0.10f_50s_200p_red-blue_200b-20h-20ibl,red-blue,0.1,-5.7328237967e+18,105.5615,2.64807623243e+18,0.741,-7.1143455808e+18,0.5656
campus_topo_200b-20h-20ibl.json,4,max-reachable-chosen,networkx,200,50,old_results_networkx/results3/nhosts/results_4t_0.10f_50s_200p_steiner_200b-20h-20ibl,steiner,0.1,-5.7328237967e+18,104.4995,2.64807623243e+18,0.741,-7.1143455808e+18,0.5706
campus_topo_200b-20h-20ibl.json,4,max-reachable-chosen,networkx,200,100,old_results_networkx/results3/nhosts/results_4t_0.10f_100s_200p_diverse-paths_200b-20h-20ibl,diverse-paths,0.1,-2.16345975938e+18,192.204,-8.02646750103e+18,0.7246,7.15468634399e+18,0.5756
campus_topo_200b-20h-20ibl.json,4,max-reachable-chosen,networkx,200,100,old_results_networkx/results3/nhosts/results_4t_0.10f_100s_200p_red-blue_200b-20h-20ibl,red-blue,0.1,-5.7328237967e+18,192.7715,2.64807623243e+18,0.7309,-7.1143455808e+18,0.5508
campus_topo_200b-20h-20ibl.json,4,max-reachable-chosen,networkx,200,100,old_results_networkx/results3/nhosts/results_4t_0.10f_100s_200p_steiner_200b-20h-20ibl,steiner,0.1,-5.7328237967e+18,190.6785,2.64807623243e+18,0.7309,-7.1143455808e+18,0.5701
campus_topo_200b-20h-20ibl.json,4,max-reachable-chosen,networkx,200,200,old_results_networkx/results3/nhosts/results_4t_0.10f_200s_200p_diverse-paths_200b-20h-20ibl,diverse-paths,0.1,-2.16345975938e+18,341.681,-8.02646750103e+18,0.7208,7.15468634399e+18,0.6008
campus_topo_200b-20h-20ibl.json,4,max-reachable-chosen,networkx,200,200,old_results_networkx/results3/nhosts/results_4t_0.10f_200s_200p_red-blue_200b-20h-20ibl,red-blue,0.1,-5.7328237967e+18,343.4965,2.64807623243e+18,0.72985,-7.1143455808e+18,0.59915
campus_topo_200b-20h-20ibl.json,4,max-reachable-chosen,networkx,200,200,old_results_networkx/results3/nhosts/results_4t_0.10f_200s_200p_steiner_200b-20h-20ibl,steiner,0.1,-5.7328237967e+18,340.416,2.64807623243e+18,0.72985,-7.1143455808e+18,0.58555
campus_topo_200b-20h-20ibl.json,4,max-reachable-chosen,networkx,200,400,old_results_networkx/results3/nhosts/results_4t_0.10f_400s_200p_diverse-paths_200b-20h-20ibl,diverse-paths,0.1,-2.16345975938e+18,589.362,-8.02646750103e+18,0.72605,7.15468634399e+18,0.59165
campus_topo_200b-20h-20ibl.json,4,max-reachable-chosen,networkx,200,400,old_results_networkx/results3/nhosts/results_4t_0.10f_400s_200p_red-blue_200b-20h-20ibl,red-blue,0.1,-5.7328237967e+18,590.437,2.64807623243e+18,0.735425,-7.1143455808e+18,0.60275
campus_topo_200b-20h-20ibl.json,4,max-reachable-chosen,networkx,200,400,old_results_networkx/results3/nhosts/results_4t_0.10f_400s_200p_steiner_200b-20h-20ibl,steiner,0.1,-5.7328237967e+18,586.56,2.64807623243e+18,0.735425,-7.1143455808e+18,0.58975
campus_topo_200b-20h-20ibl.json,4,max-reachable-chosen,networkx,200,800,old_results_networkx/results3/nhosts/results_4t_0.10f_800s_200p_diverse-paths_200b-20h-20ibl,diverse-paths,0.1,-2.16345975938e+18,1010.637,-8.02646750103e+18,0.7279,7.15468634399e+18,0.5819
campus_topo_200b-20h-20ibl.json,4,max-reachable-chosen,networkx,200,800,old_results_networkx/results3/nhosts/results_4t_0.10f_800s_200p_red-blue_200b-20h-20ibl,red-blue,0.1,-5.7328237967e+18,1011.297,2.64807623243e+18,0.7327375,-7.1143455808e+18,0.6048125
campus_topo_200b-20h-20ibl.json,4,max-reachable-chosen,networkx,200,800,old_results_networkx/results3/nhosts/results_4t_0.10f_800s_200p_steiner_200b-20h-20ibl,steiner,0.1,-5.7328237967e+18,1007.556,2.64807623243e+18,0.7327375,-7.1143455808e+18,0.5977
campus_topo_200b-20h-20ibl.json,4,mean,networkx,200,50,old_results_networkx/results3/nhosts/results_4t_0.10f_50s_200p_diverse-paths_200b-20h-20ibl,diverse-paths,0.1,-2.16345975938e+18,104.619,-8.02646750103e+18,0.72,7.15468634399e+18,0.509
campus_topo_200b-20h-20ibl.json,4,mean,networkx,200,50,old_results_networkx/results3/nhosts/results_4t_0.10f_50s_200p_red-blue_200b-20h-20ibl,red-blue,0.1,-5.7328237967e+18,105.5615,2.64807623243e+18,0.741,-7.1143455808e+18,0.5106
campus_topo_200b-20h-20ibl.json,4,mean,networkx,200,50,old_results_networkx/results3/nhosts/results_4t_0.10f_50s_200p_steiner_200b-20h-20ibl,steiner,0.1,-5.7328237967e+18,104.4995,2.64807623243e+18,0.741,-7.1143455808e+18,0.5355
campus_topo_200b-20h-20ibl.json,4,mean,networkx,200,100,old_results_networkx/results3/nhosts/results_4t_0.10f_100s_200p_diverse-paths_200b-20h-20ibl,diverse-paths,0.1,-2.16345975938e+18,192.204,-8.02646750103e+18,0.7246,7.15468634399e+18,0.51475
campus_topo_200b-20h-20ibl.json,4,mean,networkx,200,100,old_results_networkx/results3/nhosts/results_4t_0.10f_100s_200p_red-blue_200b-20h-20ibl,red-blue,0.1,-5.7328237967e+18,192.7715,2.64807623243e+18,0.7309,-7.1143455808e+18,0.507675
campus_topo_200b-20h-20ibl.json,4,mean,networkx,200,100,old_results_networkx/results3/nhosts/results_4t_0.10f_100s_200p_steiner_200b-20h-20ibl,steiner,0.1,-5.7328237967e+18,190.6785,2.64807623243e+18,0.7309,-7.1143455808e+18,0.507725
campus_topo_200b-20h-20ibl.json,4,mean,networkx,200,200,old_results_networkx/results3/nhosts/results_4t_0.10f_200s_200p_diverse-paths_200b-20h-20ibl,diverse-paths,0.1,-2.16345975938e+18,341.681,-8.02646750103e+18,0.7208,7.15468634399e+18,0.52265
campus_topo_200b-20h-20ibl.json,4,mean,networkx,200,200,old_results_networkx/results3/nhosts/results_4t_0.10f_200s_200p_red-blue_200b-20h-20ibl,red-blue,0.1,-5.7328237967e+18,343.4965,2.64807623243e+18,0.72985,-7.1143455808e+18,0.5068875
campus_topo_200b-20h-20ibl.json,4,mean,networkx,200,200,old_results_networkx/results3/nhosts/results_4t_0.10f_200s_200p_steiner_200b-20h-20ibl,steiner,0.1,-5.7328237967e+18,340.416,2.64807623243e+18,0.72985,-7.1143455808e+18,0.4841
campus_topo_200b-20h-20ibl.json,4,mean,networkx,200,400,old_results_networkx/results3/nhosts/results_4t_0.10f_400s_200p_diverse-paths_200b-20h-20ibl,diverse-paths,0.1,-2.16345975938e+18,589.362,-8.02646750103e+18,0.72605,7.15468634399e+18,0.5136625
campus_topo_200b-20h-20ibl.json,4,mean,networkx,200,400,old_results_networkx/results3/nhosts/results_4t_0.10f_400s_200p_red-blue_200b-20h-20ibl,red-blue,0.1,-5.7328237967e+18,590.437,2.64807623243e+18,0.735425,-7.1143455808e+18,0.50955
campus_topo_200b-20h-20ibl.json,4,mean,networkx,200,400,old_results_networkx/results3/nhosts/results_4t_0.10f_400s_200p_steiner_200b-20h-20ibl,steiner,0.1,-5.7328237967e+18,586.56,2.64807623243e+18,0.735425,-7.1143455808e+18,0.47711875
campus_topo_200b-20h-20ibl.json,4,mean,networkx,200,800,old_results_networkx/results3/nhosts/results_4t_0.10f_800s_200p_diverse-paths_200b-20h-20ibl,diverse-paths,0.1,-2.16345975938e+18,1010.637,-8.02646750103e+18,0.7279,7.15468634399e+18,0.515325
campus_topo_200b-20h-20ibl.json,4,mean,networkx,200,800,old_results_networkx/results3/nhosts/results_4t_0.10f_800s_200p_red-blue_200b-20h-20ibl,red-blue,0.1,-5.7328237967e+18,1011.297,2.64807623243e+18,0.7327375,-7.1143455808e+18,0.50665
campus_topo_200b-20h-20ibl.json,4,mean,networkx,200,800,old_results_networkx/results3/nhosts/results_4t_0.10f_800s_200p_steiner_200b-20h-20ibl,steiner,0.1,-5.7328237967e+18,1007.556,2.64807623243e+18,0.7327375,-7.1143455808e+18,0.48530625
campus_topo_200b-20h-20ibl.json,4,min,networkx,200,50,old_results_networkx/results3/nhosts/results_4t_0.10f_50s_200p_diverse-paths_200b-20h-20ibl,diverse-paths,0.1,-2.16345975938e+18,104.619,-8.02646750103e+18,0.72,7.15468634399e+18,0.3864
campus_topo_200b-20h-20ibl.json,4,min,networkx,200,50,old_results_networkx/results3/nhosts/results_4t_0.10f_50s_200p_red-blue_200b-20h-20ibl,red-blue,0.1,-5.7328237967e+18,105.5615,2.64807623243e+18,0.741,-7.1143455808e+18,0.3406
campus_topo_200b-20h-20ibl.json,4,min,networkx,200,50,old_results_networkx/results3/nhosts/results_4t_0.10f_50s_200p_steiner_200b-20h-20ibl,steiner,0.1,-5.7328237967e+18,104.4995,2.64807623243e+18,0.741,-7.1143455808e+18,0.3786
campus_topo_200b-20h-20ibl.json,4,min,networkx,200,100,old_results_networkx/results3/nhosts/results_4t_0.10f_100s_200p_diverse-paths_200b-20h-20ibl,diverse-paths,0.1,-2.16345975938e+18,192.204,-8.02646750103e+18,0.7246,7.15468634399e+18,0.3798
campus_topo_200b-20h-20ibl.json,4,min,networkx,200,100,old_results_networkx/results3/nhosts/results_4t_0.10f_100s_200p_red-blue_200b-20h-20ibl,red-blue,0.1,-5.7328237967e+18,192.7715,2.64807623243e+18,0.7309,-7.1143455808e+18,0.3458
campus_topo_200b-20h-20ibl.json,4,min,networkx,200,100,old_results_networkx/results3/nhosts/results_4t_0.10f_100s_200p_steiner_200b-20h-20ibl,steiner,0.1,-5.7328237967e+18,190.6785,2.64807623243e+18,0.7309,-7.1143455808e+18,0.3269
campus_topo_200b-20h-20ibl.json,4,min,networkx,200,200,old_results_networkx/results3/nhosts/results_4t_0.10f_200s_200p_diverse-paths_200b-20h-20ibl,diverse-paths,0.1,-2.16345975938e+18,341.681,-8.02646750103e+18,0.7208,7.15468634399e+18,0.3971
campus_topo_200b-20h-20ibl.json,4,min,networkx,200,200,old_results_networkx/results3/nhosts/results_4t_0.10f_200s_200p_red-blue_200b-20h-20ibl,red-blue,0.1,-5.7328237967e+18,343.4965,2.64807623243e+18,0.72985,-7.1143455808e+18,0.3492
campus_topo_200b-20h-20ibl.json,4,min,networkx,200,200,old_results_networkx/results3/nhosts/results_4t_0.10f_200s_200p_steiner_200b-20h-20ibl,steiner,0.1,-5.7328237967e+18,340.416,2.64807623243e+18,0.72985,-7.1143455808e+18,0.2872
campus_topo_200b-20h-20ibl.json,4,min,networkx,200,400,old_results_networkx/results3/nhosts/results_4t_0.10f_400s_200p_diverse-paths_200b-20h-20ibl,diverse-paths,0.1,-2.16345975938e+18,589.362,-8.02646750103e+18,0.72605,7.15468634399e+18,0.3949
campus_topo_200b-20h-20ibl.json,4,min,networkx,200,400,old_results_networkx/results3/nhosts/results_4t_0.10f_400s_200p_red-blue_200b-20h-20ibl,red-blue,0.1,-5.7328237967e+18,590.437,2.64807623243e+18,0.735425,-7.1143455808e+18,0.350175
campus_topo_200b-20h-20ibl.json,4,min,networkx,200,400,old_results_networkx/results3/nhosts/results_4t_0.10f_400s_200p_steiner_200b-20h-20ibl,steiner,0.1,-5.7328237967e+18,586.56,2.64807623243e+18,0.735425,-7.1143455808e+18,0.242125
campus_topo_200b-20h-20ibl.json,4,min,networkx,200,800,old_results_networkx/results3/nhosts/results_4t_0.10f_800s_200p_diverse-paths_200b-20h-20ibl,diverse-paths,0.1,-2.16345975938e+18,1010.637,-8.02646750103e+18,0.7279,7.15468634399e+18,0.40785
campus_topo_200b-20h-20ibl.json,4,min,networkx,200,800,old_results_networkx/results3/nhosts/results_4t_0.10f_800s_200p_red-blue_200b-20h-20ibl,red-blue,0.1,-5.7328237967e+18,1011.297,2.64807623243e+18,0.7327375,-7.1143455808e+18,0.3466
campus_topo_200b-20h-20ibl.json,4,min,networkx,200,800,old_results_networkx/results3/nhosts/results_4t_0.10f_800s_200p_steiner_200b-20h-20ibl,steiner,0.1,-5.7328237967e+18,1007.556,2.64807623243e+18,0.7327375,-7.1143455808e+18,0.2615375
campus_topo_200b-20h-20ibl.json,4,min-missing-chosen,networkx,200,50,old_results_networkx/results3/nhosts/results_4t_0.10f_50s_200p_diverse-paths_200b-20h-20ibl,diverse-paths,0.1,-2.16345975938e+18,104.619,-8.02646750103e+18,0.72,7.15468634399e+18,0.5848
campus_topo_200b-20h-20ibl.json,4,min-missing-chosen,networkx,200,50,old_results_networkx/results3/nhosts/results_4t_0.10f_50s_200p_red-blue_200b-20h-20ibl,red-blue,0.1,-5.7328237967e+18,105.5615,2.64807623243e+18,0.741,-7.1143455808e+18,0.611
campus_topo_200b-20h-20ibl.json,4,min-missing-chosen,networkx,200,50,old_results_networkx/results3/nhosts/results_4t_0.10f_50s_200p_steiner_200b-20h-20ibl,steiner,0.1,-5.7328237967e+18,104.4995,2.64807623243e+18,0.741,-7.1143455808e+18,0.5858
campus_topo_200b-20h-20ibl.json,4,min-missing-chosen,networkx,200,100,old_results_networkx/results3/nhosts/results_4t_0.10f_100s_200p_diverse-paths_200b-20h-20ibl,diverse-paths,0.1,-2.16345975938e+18,192.204,-8.02646750103e+18,0.7246,7.15468634399e+18,0.581
campus_topo_200b-20h-20ibl.json,4,min-missing-chosen,networkx,200,100,old_results_networkx/results3/nhosts/results_4t_0.10f_100s_200p_red-blue_200b-20h-20ibl,red-blue,0.1,-5.7328237967e+18,192.7715,2.64807623243e+18,0.7309,-7.1143455808e+18,0.6134
campus_topo_200b-20h-20ibl.json,4,min-missing-chosen,networkx,200,100,old_results_networkx/results3/nhosts/results_4t_0.10f_100s_200p_steiner_200b-20h-20ibl,steiner,0.1,-5.7328237967e+18,190.6785,2.64807623243e+18,0.7309,-7.1143455808e+18,0.582
campus_topo_200b-20h-20ibl.json,4,min-missing-chosen,networkx,200,200,old_results_networkx/results3/nhosts/results_4t_0.10f_200s_200p_diverse-paths_200b-20h-20ibl,diverse-paths,0.1,-2.16345975938e+18,341.681,-8.02646750103e+18,0.7208,7.15468634399e+18,0.5862
campus_topo_200b-20h-20ibl.json,4,min-missing-chosen,networkx,200,200,old_results_networkx/results3/nhosts/results_4t_0.10f_200s_200p_red-blue_200b-20h-20ibl,red-blue,0.1,-5.7328237967e+18,343.4965,2.64807623243e+18,0.72985,-7.1143455808e+18,0.59955
campus_topo_200b-20h-20ibl.json,4,min-missing-chosen,networkx,200,200,old_results_networkx/results3/nhosts/results_4t_0.10f_200s_200p_steiner_200b-20h-20ibl,steiner,0.1,-5.7328237967e+18,340.416,2.64807623243e+18,0.72985,-7.1143455808e+18,0.57585
campus_topo_200b-20h-20ibl.json,4,min-missing-chosen,networkx,200,400,old_results_networkx/results3/nhosts/results_4t_0.10f_400s_200p_diverse-paths_200b-20h-20ibl,diverse-paths,0.1,-2.16345975938e+18,589.362,-8.02646750103e+18,0.72605,7.15468634399e+18,0.57755
campus_topo_200b-20h-20ibl.json,4,min-missing-chosen,networkx,200,400,old_results_networkx/results3/nhosts/results_4t_0.10f_400s_200p_red-blue_200b-20h-20ibl,red-blue,0.1,-5.7328237967e+18,590.437,2.64807623243e+18,0.735425,-7.1143455808e+18,0.59885
campus_topo_200b-20h-20ibl.json,4,min-missing-chosen,networkx,200,400,old_results_networkx/results3/nhosts/results_4t_0.10f_400s_200p_steiner_200b-20h-20ibl,steiner,0.1,-5.7328237967e+18,586.56,2.64807623243e+18,0.735425,-7.1143455808e+18,0.579475
campus_topo_200b-20h-20ibl.json,4,min-missing-chosen,networkx,200,800,old_results_networkx/results3/nhosts/results_4t_0.10f_800s_200p_diverse-paths_200b-20h-20ibl,diverse-paths,0.1,-2.16345975938e+18,1010.637,-8.02646750103e+18,0.7279,7.15468634399e+18,0.559375
campus_topo_200b-20h-20ibl.json,4,min-missing-chosen,networkx,200,800,old_results_networkx/results3/nhosts/results_4t_0.10f_800s_200p_red-blue_200b-20h-20ibl,red-blue,0.1,-5.7328237967e+18,1011.297,2.64807623243e+18,0.7327375,-7.1143455808e+18,0.597125
campus_topo_200b-20h-20ibl.json,4,min-missing-chosen,networkx,200,800,old_results_networkx/results3/nhosts/results_4t_0.10f_800s_200p_steiner_200b-20h-20ibl,steiner,0.1,-5.7328237967e+18,1007.556,2.64807623243e+18,0.7327375,-7.1143455808e+18,0.5895125
campus_topo_200b-20h-20ibl.json,4,oracle,networkx,200,50,old_results_networkx/results3/nhosts/results_4t_0.10f_50s_200p_diverse-paths_200b-20h-20ibl,oracle,0.1,-2.16345975938e+18,0.0,-8.02646750103e+18,0.72,7.15468634399e+18,0.72
campus_topo_200b-20h-20ibl.json,4,oracle,networkx,200,50,old_results_networkx/results3/nhosts/results_4t_0.10f_50s_200p_red-blue_200b-20h-20ibl,oracle,0.1,-5.7328237967e+18,0.0,2.64807623243e+18,0.741,-7.1143455808e+18,0.741
campus_topo_200b-20h-20ibl.json,4,oracle,networkx,200,50,old_results_networkx/results3/nhosts/results_4t_0.10f_50s_200p_steiner_200b-20h-20ibl,oracle,0.1,-5.7328237967e+18,0.0,2.64807623243e+18,0.741,-7.1143455808e+18,0.741
campus_topo_200b-20h-20ibl.json,4,oracle,networkx,200,100,old_results_networkx/results3/nhosts/results_4t_0.10f_100s_200p_diverse-paths_200b-20h-20ibl,oracle,0.1,-2.16345975938e+18,0.0,-8.02646750103e+18,0.7246,7.15468634399e+18,0.7246
campus_topo_200b-20h-20ibl.json,4,oracle,networkx,200,100,old_results_networkx/results3/nhosts/results_4t_0.10f_100s_200p_red-blue_200b-20h-20ibl,oracle,0.1,-5.7328237967e+18,0.0,2.64807623243e+18,0.7309,-7.1143455808e+18,0.7309
campus_topo_200b-20h-20ibl.json,4,oracle,networkx,200,100,old_results_networkx/results3/nhosts/results_4t_0.10f_100s_200p_steiner_200b-20h-20ibl,oracle,0.1,-5.7328237967e+18,0.0,2.64807623243e+18,0.7309,-7.1143455808e+18,0.7309
campus_topo_200b-20h-20ibl.json,4,oracle,networkx,200,200,old_results_networkx/results3/nhosts/results_4t_0.10f_200s_200p_diverse-paths_200b-20h-20ibl,oracle,0.1,-2.16345975938e+18,0.0,-8.02646750103e+18,0.7208,7.15468634399e+18,0.7208
campus_topo_200b-20h-20ibl.json,4,oracle,networkx,200,200,old_results_networkx/results3/nhosts/results_4t_0.10f_200s_200p_red-blue_200b-20h-20ibl,oracle,0.1,-5.7328237967e+18,0.0,2.64807623243e+18,0.72985,-7.1143455808e+18,0.72985
campus_topo_200b-20h-20ibl.json,4,oracle,networkx,200,200,old_results_networkx/results3/nhosts/results_4t_0.10f_200s_200p_steiner_200b-20h-20ibl,oracle,0.1,-5.7328237967e+18,0.0,2.64807623243e+18,0.72985,-7.1143455808e+18,0.72985
campus_topo_200b-20h-20ibl.json,4,oracle,networkx,200,400,old_results_networkx/results3/nhosts/results_4t_0.10f_400s_200p_diverse-paths_200b-20h-20ibl,oracle,0.1,-2.16345975938e+18,0.0,-8.02646750103e+18,0.72605,7.15468634399e+18,0.72605
campus_topo_200b-20h-20ibl.json,4,oracle,networkx,200,400,old_results_networkx/results3/nhosts/results_4t_0.10f_400s_200p_red-blue_200b-20h-20ibl,oracle,0.1,-5.7328237967e+18,0.0,2.64807623243e+18,0.735425,-7.1143455808e+18,0.735425
campus_topo_200b-20h-20ibl.json,4,oracle,networkx,200,400,old_results_networkx/results3/nhosts/results_4t_0.10f_400s_200p_steiner_200b-20h-20ibl,oracle,0.1,-5.7328237967e+18,0.0,2.64807623243e+18,0.735425,-7.1143455808e+18,0.735425
campus_topo_200b-20h-20ibl.json,4,oracle,networkx,200,800,old_results_networkx/results3/nhosts/results_4t_0.10f_800s_200p_diverse-paths_200b-20h-20ibl,oracle,0.1,-2.16345975938e+18,0.0,-8.02646750103e+18,0.7279,7.15468634399e+18,0.7279
campus_topo_200b-20h-20ibl.json,4,oracle,networkx,200,800,old_results_networkx/results3/nhosts/results_4t_0.10f_800s_200p_red-blue_200b-20h-20ibl,oracle,0.1,-5.7328237967e+18,0.0,2.64807623243e+18,0.7327375,-7.1143455808e+18,0.7327375
campus_topo_200b-20h-20ibl.json,4,oracle,networkx,200,800,old_results_networkx/results3/nhosts/results_4t_0.10f_800s_200p_steiner_200b-20h-20ibl,oracle,0.1,-5.7328237967e+18,0.0,2.64807623243e+18,0.7327375,-7.1143455808e+18,0.7327375
campus_topo_200b-20h-20ibl.json,4,unicast,networkx,200,50,old_results_networkx/results3/nhosts/results_4t_0.10f_50s_200p_diverse-paths_200b-20h-20ibl,unicast,0.1,-2.16345975938e+18,189.576,-8.02646750103e+18,0.72,7.15468634399e+18,0.5496
campus_topo_200b-20h-20ibl.json,4,unicast,networkx,200,50,old_results_networkx/results3/nhosts/results_4t_0.10f_50s_200p_red-blue_200b-20h-20ibl,unicast,0.1,-5.7328237967e+18,189.226,2.64807623243e+18,0.741,-7.1143455808e+18,0.5886
campus_topo_200b-20h-20ibl.json,4,unicast,networkx,200,50,old_results_networkx/results3/nhosts/results_4t_0.10f_50s_200p_steiner_200b-20h-20ibl,unicast,0.1,-5.7328237967e+18,189.226,2.64807623243e+18,0.741,-7.1143455808e+18,0.5886
campus_topo_200b-20h-20ibl.json,4,unicast,networkx,200,100,old_results_networkx/results3/nhosts/results_4t_0.10f_100s_200p_diverse-paths_200b-20h-20ibl,unicast,0.1,-2.16345975938e+18,378.54,-8.02646750103e+18,0.7246,7.15468634399e+18,0.5622
campus_topo_200b-20h-20ibl.json,4,unicast,networkx,200,100,old_results_networkx/results3/nhosts/results_4t_0.10f_100s_200p_red-blue_200b-20h-20ibl,unicast,0.1,-5.7328237967e+18,379.226,2.64807623243e+18,0.7309,-7.1143455808e+18,0.5837
campus_topo_200b-20h-20ibl.json,4,unicast,networkx,200,100,old_results_networkx/results3/nhosts/results_4t_0.10f_100s_200p_steiner_200b-20h-20ibl,unicast,0.1,-5.7328237967e+18,379.226,2.64807623243e+18,0.7309,-7.1143455808e+18,0.5837
campus_topo_200b-20h-20ibl.json,4,unicast,networkx,200,200,old_results_networkx/results3/nhosts/results_4t_0.10f_200s_200p_diverse-paths_200b-20h-20ibl,unicast,0.1,-2.16345975938e+18,758.74,-8.02646750103e+18,0.7208,7.15468634399e+18,0.5592
campus_topo_200b-20h-20ibl.json,4,unicast,networkx,200,200,old_results_networkx/results3/nhosts/results_4t_0.10f_200s_200p_red-blue_200b-20h-20ibl,unicast,0.1,-5.7328237967e+18,757.948,2.64807623243e+18,0.72985,-7.1143455808e+18,0.5822
campus_topo_200b-20h-20ibl.json,4,unicast,networkx,200,200,old_results_networkx/results3/nhosts/results_4t_0.10f_200s_200p_steiner_200b-20h-20ibl,unicast,0.1,-5.7328237967e+18,757.948,2.64807623243e+18,0.72985,-7.1143455808e+18,0.5822
campus_topo_200b-20h-20ibl.json,4,unicast,networkx,200,400,old_results_networkx/results3/nhosts/results_4t_0.10f_400s_200p_diverse-paths_200b-20h-20ibl,unicast,0.1,-2.16345975938e+18,1519.668,-8.02646750103e+18,0.72605,7.15468634399e+18,0.5671
campus_topo_200b-20h-20ibl.json,4,unicast,networkx,200,400,old_results_networkx/results3/nhosts/results_4t_0.10f_400s_200p_red-blue_200b-20h-20ibl,unicast,0.1,-5.7328237967e+18,1518.792,2.64807623243e+18,0.735425,-7.1143455808e+18,0.583575
campus_topo_200b-20h-20ibl.json,4,unicast,networkx,200,400,old_results_networkx/results3/nhosts/results_4t_0.10f_400s_200p_steiner_200b-20h-20ibl,unicast,0.1,-5.7328237967e+18,1518.792,2.64807623243e+18,0.735425,-7.1143455808e+18,0.583575
campus_topo_200b-20h-20ibl.json,4,unicast,networkx,200,800,old_results_networkx/results3/nhosts/results_4t_0.10f_800s_200p_diverse-paths_200b-20h-20ibl,unicast,0.1,-2.16345975938e+18,3034.8,-8.02646750103e+18,0.7279,7.15468634399e+18,0.566475
campus_topo_200b-20h-20ibl.json,4,unicast,networkx,200,800,old_results_networkx/results3/nhosts/results_4t_0.10f_800s_200p_red-blue_200b-20h-20ibl,unicast,0.1,-5.7328237967e+18,3036.216,2.64807623243e+18,0.7327375,-7.1143455808e+18,0.5813625
campus_topo_200b-20h-20ibl.json,4,unicast,networkx,200,800,old_results_networkx/results3/nhosts/results_4t_0.10f_800s_200p_steiner_200b-20h-20ibl,unicast,0.1,-5.7328237967e+18,3036.216,2.64807623243e+18,0.7327375,-7.1143455808e+18,0.5813625
